,rest_degree,edu_rate,pop_degree,workplace_degree,PTAI,under_degree,market_degree
0,0.7710858665989719,0.684,34.708383575553725,84.08961096655455,4.858553091,0.019039157199974614,0.11106175033318526
1,0.014008872285780995,0.235,52.514592575297684,2.661685734298389,6.985213308,0.0,0.009339248190520663
2,0.010956502684343158,0.359,113.07110770242139,10.353895036704284,8.514480092,0.0,0.05478251342171579
3,0.057045065601825436,0.297,107.87221905305191,4.164289788933257,8.480535713,0.011409013120365089,0.0
4,0.003031037827352085,0.199,27.909796314258,1.1517943743937924,9.401226985,0.003031037827352085,0.01212415130940834
5,0.029682398337785694,0.359,56.60433363015732,3.1463342238052836,2.909372091,0.0,0.023745918670228554
6,0.08252101707153542,0.433,41.936149363040904,4.0228995822373514,6.64940462,0.005157563566970964,0.01547269070091289
7,0.022523790753983895,0.314,50.59969592882482,2.9280927980179063,7.586716576,0.0,0.011261895376991947
8,0.038532675709001235,0.467,69.92139334155364,4.392725030826141,10.19015492,0.0,0.0
9,0.005763688760806916,0.378,63.371757925072046,2.363112391930836,5.51964788,0.0,0.005763688760806916
10,0.1547508511296812,0.502,79.42845352316104,10.058805323429278,3.037676518,0.0,0.010316723408645414
11,0.09286009079653322,0.539,110.10111432108955,6.190672719768881,2.868500799,0.0,0.030953363598844406
12,0.03225390272222939,0.346,113.87562895110308,4.547800283834344,13.6433286,0.0,0.01935234163333763
13,0.013331555792560991,0.431,51.02652979602719,2.732968937475003,6.398522519,0.0,0.0
14,0.0972087210109707,0.411,82.91209554228578,8.054436883766144,10.65808106,0.0,0.04166088043327315
15,0.04411845805989081,0.519,60.734572326697176,5.183918822037169,7.753901428,0.0,0.011029614514972702
16,0.013676148796498906,0.304,54.25328227571116,2.985959153902261,1.686866712,0.004558716265499635,0.00911743253099927
17,0.008112273870365864,0.4,100.96536059057354,6.003082664070739,7.511134118,0.0,0.0
18,0.03807451726951319,0.298,38.4226271416916,2.6380201251019852,8.031260006,0.005439216752787599,0.03807451726951319
19,0.003819417920708884,0.222,40.4132610190207,1.5659613474906424,7.575712438,0.003819417920708884,0.015277671682835536
20,0.0068903741473161995,0.223,47.90188107214222,1.2402673465169158,8.540259351,0.0,0.0
21,0.008483922965979468,0.177,64.42691100364809,2.248239585984559,11.45991914,0.0,0.008483922965979468
22,0.035469378103570585,0.194,61.16103097659021,3.1922440293213525,6.183199729,0.005911563017261764,0.035469378103570585
23,0.018700077471749527,0.191,31.384072876873347,1.7497929634279914,10.72067645,0.002671439638821361,0.008014318916464083
24,0.03630291149350178,0.311,79.06048065054819,4.646772671168228,5.383231142,0.0,0.007260582298700356
25,0.051559680329981955,0.279,79.01521010569734,4.5974048294233905,1.497275556,0.0,0.034373120219987965
26,0.03874217085297346,0.325,63.233679860528184,3.841931942919868,3.536713074,0.0,0.012914056950991154
27,0.005343878587078502,0.271,48.10559504088067,2.538342328862288,5.20353727,0.0,0.005343878587078502
28,0.023304591004427874,0.358,68.39897459799582,6.292239571195526,15.96746096,0.0,0.015536394002951917
29,0.014247043738424277,0.323,67.40988744835447,2.4932326542242484,11.02814444,0.0,0.021370565607636414
30,0.0,0.213,55.88906054586919,1.655263738689031,4.228830116,0.0,0.0
31,0.016930022573363433,0.271,52.364559819413095,5.07900677200903,10.05890649,0.0,0.0056433408577878106
32,0.014913131011855938,0.256,79.0768771903661,3.5045857877861453,8.953943801,0.0,0.022369696517783907
33,0.0,0.402,120.17387661045355,5.184874829789463,5.380633311,0.0,0.0
34,0.0,0.319,79.82283464566929,2.4606299212598426,15.73625881,0.012303149606299212,0.012303149606299212
35,0.07728373435004379,0.337,72.21907362563759,6.697923643670462,5.259046561,0.005152248956669586,0.0360657426966871
36,0.012515644555694618,0.412,106.50813516896119,3.6921151439299122,4.403779051,0.0,0.012515644555694618
37,0.006739906989283548,0.189,63.65842151378311,1.6512772123744692,21.47686061,0.0,0.006739906989283548
38,0.0815128790348875,0.393,162.65079882621453,6.847081838930551,11.58908318,0.0,0.032605151613955004
39,0.0,0.203,141.55523092482304,3.4835374761209126,3.132045217,0.0,0.0
40,0.008104384471999352,0.243,84.13971958829727,3.0796660993597538,1.725830529,0.008104384471999352,0.016208768943998704
41,0.011667250029168125,0.226,34.78785050363629,3.3835025084587564,9.034055436,0.0038890833430560417,0.0038890833430560417
42,0.17783046828689983,0.49,179.35190673779886,11.855364552459989,11.36666546,0.019758940920766646,0.019758940920766646
43,0.028665615594094886,0.288,77.98480722373513,4.944818689981368,4.842157656,0.0,0.014332807797047443
44,0.0869649241472606,0.25,149.07720552710407,6.1841723838051985,6.902258952,0.009662769349695623,0.019325538699391246
45,0.0,0.499,89.7218422252622,8.207934336525307,8.75457167,0.009119927040583675,0.045599635202918376
46,0.008987148377819719,0.206,42.53617327222073,1.1683292891165633,5.717276612,0.0,0.008987148377819719
47,0.027722333111554667,0.348,53.06054557551563,2.9662896429363492,6.527012982,0.005544466622310933,0.011088933244621867
48,0.0,0.307,27.98973092421682,1.1049005589496945,3.754954659,0.0032497075263226306,0.006499415052645261
49,0.01821304053702451,0.326,31.516365717853986,1.756257480355935,5.650820941,0.0026018629338606446,0.010407451735442578
50,0.004728467740028843,0.312,9.430928907487528,0.5319526207532449,14.48598741,0.0011821169350072107,0.0023642338700144215
51,0.426094622392007,0.579,145.01910079341758,11.533940640611226,9.679935922,0.0,0.07346459006758742
52,0.06482561908466226,0.609,136.25048619214314,8.103202385582783,5.753601273,0.0,0.025930247633864905
53,0.16444909552997458,0.37,191.56824637464493,7.325459709971595,7.882482369,0.014949917775452235,0.02989983555090447
54,0.5639097744360902,0.623,175.75187969924812,12.218045112781956,22.59150494,0.04337767495662233,0.07229612492770388
55,0.10055304172951232,0.692,206.23428858722977,11.940673705379588,2.658394405,0.0,0.02513826043237808
56,0.10300782859497322,0.474,215.18335393489906,8.858673259167697,4.378432249,0.0,0.04120313143798929
57,0.33092659446450057,0.385,169.64500601684716,11.432009626955475,5.973942699,0.0,0.030084235860409144
58,0.6677962723014054,0.514,87.24210106648061,15.548689325226752,7.053794654,0.0,0.08970397687630818
59,0.28913672036348614,0.251,125.40272614622056,8.261049153242462,9.856311507,0.020652622883106153,0.05163155720776538
60,0.37408938767473915,0.266,184.40637920850563,8.269344359125812,7.023506223,0.019688915140775743,0.05906674542232723
61,0.6747638326585695,0.401,253.81916329284752,21.3225371120108,4.178022575,0.0,0.05398110661268556
62,1.6352593054041429,0.438,145.4602086902352,41.73804703317241,6.272700978,0.0,0.09344338888023673
63,0.2543940795559667,0.449,212.32654949121184,80.01850138760406,11.73059786,0.0,0.13876040703052728
64,1.4138817480719794,0.518,83.08850532500918,121.97025339698861,7.965141765,0.0,0.055086301872934264
65,0.0,0.364,50.88815449757307,1.8072911287824023,6.767242006,0.0,0.005163688939378292
66,0.060447310094700786,0.323,97.75337497481361,3.5260930888575457,30.09182437,0.0,0.02014910336490026
67,0.0160333493666827,0.343,71.8694885361552,2.765752765752766,15.25001125,0.00801667468334135,0.0160333493666827
68,0.013603591348115902,0.292,116.56917426200516,2.7207182696231804,6.063194841,0.0,0.013603591348115902
69,0.0,0.256,87.77545119154452,3.440023930601256,11.54874047,0.0,0.009971083856815235
70,0.05820157144242894,0.315,112.80434571733437,7.954214763798622,5.420137981,0.00970026190707149,0.07760209525657193
71,0.020962895674655858,0.33,87.49912654601354,5.79973446998812,9.763733698,0.0,0.034938159457759764
72,0.0213857998289136,0.281,38.266324493869405,2.245508982035928,20.30899769,0.0035642999714856002,0.0106928999144568
73,0.0,0.304,51.58991648149568,2.8350317983296303,3.659129104,0.0,0.007662248103593595
74,0.005565759447876663,0.33,41.82668225079313,2.977681304614015,4.0249418,0.0,0.005565759447876663
75,0.0,0.202,41.46009526586954,1.2637309225235733,6.429057364,0.0,0.01944201419267036
76,0.007822889775483063,0.275,58.4761010717359,2.933583665806149,2.963776348,0.0,0.02346866932644919
77,0.03441371542985859,0.361,36.98535852834439,4.8335627581028655,11.04591039,0.003128519584532599,0.015642597922662996
78,0.0,0.46,57.91411042944785,2.3571197933484016,3.755919089,0.019373587342589604,0.0
79,0.13754527531979277,0.579,66.73696758516344,5.7310531383246985,3.525811075,0.004584842510659759,0.03667874008527807
80,0.0,0.406,68.05152043385628,2.8568661630834784,3.663444665,0.0,0.01936858415649816
81,0.007665184730952015,0.387,93.88318258470028,3.487659052583167,5.471788263,0.0,0.007665184730952015
82,0.16963528413910095,0.422,124.73847893695223,8.835171048911507,4.371188715,0.014136273678258413,0.04240882103477524
83,0.15785319652722968,0.431,103.67008681925809,6.067482241515391,4.430700287,0.0,0.03946329913180742
84,0.0,0.236,29.884938590820944,1.4479638009049773,6.686229838,0.0,0.0
85,0.07962840079628401,0.419,94.94359654943597,6.038487060384871,2.320763401,0.013271400132714002,0.013271400132714002
86,0.04525228146919074,0.505,66.06833094501847,4.751489554265027,3.877097178,0.0,0.015084093823063579
87,0.04013377926421405,0.607,92.38795986622074,10.836120401337793,2.499587714,0.0,0.0
88,0.03565486094604231,0.551,75.84977418588068,4.694556691228904,5.974196641,0.0,0.0
89,0.015211439002129602,0.174,74.15576513538181,1.8634012777608764,10.02403108,0.007605719501064801,0.007605719501064801
90,0.0,0.277,52.28845130388505,2.4215007982969663,20.38031264,0.0,0.005321979776476849
91,0.08324546312225983,0.366,59.337366113546814,5.43870359065431,3.5026808,0.0,0.022198790165935955
92,0.03620564808110065,0.258,94.6415640839971,3.122737146994931,6.592194067,0.0,0.018102824040550324
93,0.015342129487572874,0.296,60.30223995090518,1.9944768333844736,13.41096726,0.0,0.015342129487572874
94,0.0238758456028651,0.364,49.78113808197374,3.6609629924393152,10.62800501,0.007958615200955033,0.03979307600477517
95,0.0,0.24,162.38137869292748,9.042076991942704,8.768014116,0.0,0.017905102954341987
96,0.1339200306102927,0.576,190.64472929022384,7.6525731777310115,6.364553043,0.0,0.03826286588865506
97,0.572860723236663,0.564,143.8059434300036,11.457214464733262,17.37198292,0.0,0.05370569280343716
98,0.05042228665069961,0.393,133.5560317660406,5.105256523383336,4.35035003,0.012605571662674902,0.0
99,0.0,0.236,42.34583305969659,0.886583043278387,6.634820811,0.0,0.0
100,0.3244646333549643,0.479,192.56975989617132,10.301752109020116,15.34777367,0.0,0.03244646333549643
101,0.05030181086519114,0.281,196.0932260228035,5.617035546613011,5.964887938,0.01676727028839705,0.01676727028839705
102,0.005812939603557519,0.319,27.85560658024763,2.078125908271813,1.93287063,0.0,0.00871940940533628
103,0.6276709401709402,0.441,95.76655982905983,11.351495726495727,5.35701635,0.013354700854700856,0.04006410256410257
104,0.43913149548670405,0.477,166.50402537204195,12.686020980727006,4.493627376,0.0,0.07318858258111734
105,0.09017132551848513,0.436,183.09287646528404,9.918845807033364,4.734203665,0.0,0.1127141568981064
106,0.23793337865397687,0.566,214.61590754588713,14.445955132562881,15.24138103,0.0,0.10197144799456152
107,0.1990229781074724,0.577,143.07942826126288,11.036728785959832,14.663815,0.0,0.01809299800977022
108,0.4297994269340974,0.416,88.39541547277936,18.56494746895893,7.561188804,0.0,0.08357211079274116
109,0.0750375187593797,0.629,143.99699849924963,8.254127063531767,0.834910096,0.0,0.025012506253126565
110,0.024515812699190977,0.465,146.01618043638146,5.393478793822015,3.155864707,0.0,0.024515812699190977
111,0.16211497692979174,0.549,104.98815313630129,7.606933532859459,1.546769725,0.0,0.04988153136301285
112,0.285628382441371,0.548,121.00120264582081,11.425135297654842,1.71613653,0.0,0.03006614552014432
113,0.4699078257726369,0.567,168.28122176034702,15.994939454183987,5.842296792,0.0,0.12651364540032534
114,0.028344671201814057,0.495,100.36848072562358,8.007369614512472,3.980358022,0.0,0.014172335600907028
115,0.0,0.214,69.25099936881969,1.5779507679360403,7.602619741,0.0,0.0
116,0.0,0.258,76.49971297359356,3.4443168771526977,18.70720855,0.014351320321469574,0.014351320321469574
117,0.0,0.309,172.5940400586224,5.00732779677577,14.56892687,0.0,0.0
118,0.14315253698107205,0.479,128.471449021791,5.726101479242883,12.84942004,0.01590583744234134,0.03181167488468268
119,0.24914356898162568,0.443,141.2176891933977,7.941451261289318,7.559363235,0.0,0.015571473061351605
120,0.12129613585167215,0.294,142.93883209149195,7.451048345174146,8.475643193,0.0,0.03465603881476347
121,0.07449483192103548,0.49,63.90725393425831,2.933234006890772,11.6620494,0.009311853990129435,0.01862370798025887
122,0.2884469409442842,0.655,104.96432366783057,10.475178381660847,3.568885771,0.0,0.06072567177774404
123,0.0408997955010225,0.275,105.61349693251535,5.265848670756647,13.92074058,0.0,0.010224948875255624
124,0.047965464865296986,0.31,91.31825085938124,4.196978175713486,6.045121807,0.007994244144216164,0.007994244144216164
125,0.05812939603557519,0.513,39.702377492297856,3.720281346276812,1.662424676,0.0,0.01743881881067256
126,0.1333926189417519,0.42,79.42196531791907,7.55891507336594,12.7216528,0.0,0.026678523788350377
127,0.0974342318934719,0.481,87.72328678142254,12.788242936018188,2.351660327,0.008119519324455992,0.03247807729782397
128,0.0,0.423,79.25445705024312,3.133441383036197,8.855941883,0.0,0.0
129,0.0,0.187,58.17639673571877,2.5109855618330195,17.67956904,0.0,0.007846829880728186
130,0.058667218828726234,0.383,28.263795423956932,3.2266970355799427,12.91297598,0.0,0.02070607723366808
131,0.05825384111264836,0.284,45.66737056724677,2.8398747542416074,1.980383854,0.0,0.0036408650695405223
132,0.0024379540689453407,0.242,4.080647520600712,0.5485396655127017,2.464649689,0.0014627724413672045,0.0019503632551562727
133,0.18394286950876435,0.598,90.70547500541008,8.764336723652889,6.364179182,0.0,0.010820168794633196
134,0.008309098462816784,0.347,51.57872870793519,2.9497299542999587,11.85217644,0.004154549231408392,0.012463647694225177
135,0.0,0.29,76.12761276127613,2.75027502750275,2.113751249,0.0,0.016924769400016925
136,0.003791900500530866,0.375,40.52404064917336,3.2610344304565446,7.563888516,0.003791900500530866,0.003791900500530866
137,0.007964637011668193,0.521,35.26343036916092,2.389391103500458,6.015029292,0.003982318505834096,0.007964637011668193
138,0.008219290675214729,0.456,16.27214071425636,1.2945382813463198,6.649128713,0.002054822668803682,0.002054822668803682
139,0.0211864406779661,0.455,48.45338983050847,2.3040254237288136,4.956837612,0.0,0.005296610169491525
140,0.012149192078726764,0.385,66.66261693597376,3.6447576236180295,17.8082288,0.0,0.012149192078726764
141,0.0638060296698038,0.386,91.80890094113894,4.944967299409795,5.937667306,0.007975753708725474,0.023927261126176425
142,0.09611183923110528,0.426,123.31148973350808,7.99475753604194,9.610824938,0.00873743993010048,0.03494975972040192
143,0.0,0.308,58.230497221620844,2.4536335426138414,3.723838501,0.0,0.0
144,0.01450010875081563,0.326,63.74972812296092,2.7550206626549696,4.760533227,0.0,0.021750163126223444
145,0.008502196400736857,0.188,28.03457559869633,0.9919229134193,16.06702618,0.0,0.005668130933824571
146,0.036655398525638413,0.214,46.97592962163483,1.8938622571579848,7.538976699,0.004072822058404269,0.008145644116808537
147,0.0,0.187,42.5014095094907,1.8088705130614546,4.308020826,0.0,0.004698364968990791
148,0.003962593120938342,0.214,28.110635599936597,0.9113964178158186,13.60814784,0.0,0.003962593120938342
149,0.0,0.401,160.17268445839875,6.279434850863422,22.79506633,0.015698587127158554,0.0
150,0.11741026501174104,0.46,169.2888292519289,7.547802750754781,9.438462494,0.0,0.03354579000335458
151,0.21174477696216826,0.451,125.80463015245623,6.281761716544325,3.794857947,0.01411631846414455,0.0564652738565782
152,0.33783783783783783,0.503,187.241653418124,11.824324324324325,8.167121156,0.0,0.0794912559618442
153,0.08623663332183512,0.384,151.43152811314246,4.656778199379096,13.88815167,0.0,0.0
154,0.19508388607101054,0.454,179.71127584861492,8.388607101053454,11.03731669,0.0,0.019508388607101055
155,0.06645254180972422,0.318,150.43747923358066,7.8635507808173655,8.755141841,0.011075423634954036,0.03322627090486211
156,0.4324683965402528,0.629,167.61477045908185,10.063206919494345,15.23408457,0.0,0.016633399866932803
157,0.10902747492368077,0.315,203.16179677278674,6.759703445268208,11.60573862,0.0,0.04361098996947231
158,0.8688456764584195,0.627,152.13074058750516,20.47993380223417,6.03587827,0.0,0.11032960970900564
159,0.6084525571452064,0.505,165.82798881762866,17.102450254892286,23.17131913,0.0,0.0493339911198816
160,0.6561962134251291,0.502,173.74139414802067,49.214716006884686,6.162322209,0.010757314974182445,0.07530120481927711
161,0.5291005291005292,0.397,166.54761904761907,87.23544973544975,5.488012279,0.013227513227513229,0.10582010582010583
162,0.3290917068889864,0.624,92.0469504168495,13.87670030715226,5.55177447,0.0,0.010969723562966214
163,0.3254211332312404,0.623,145.99923430321593,16.653905053598773,6.66708623,0.0,0.01914241960183767
164,0.3880266075388027,0.515,194.1518847006652,11.363636363636363,11.29715061,0.0,0.05543237250554324
165,0.2009646302250804,0.389,143.02652733118973,13.364147909967846,7.099615925,0.0,0.02009646302250804
166,0.0024065071954565143,0.464,20.74649853203061,1.0829282379554315,11.33602101,0.0,0.0
167,0.06534727408513816,0.546,128.5941000746826,6.394697535474235,3.704302298,0.0,0.018670649738610903
168,0.06496519721577726,0.387,112.5754060324826,4.825986078886311,3.782202817,0.0,0.009280742459396751
169,0.19907925842976235,0.504,131.8402388951101,10.389448799303223,1.709193162,0.0,0.03732736095558044
170,0.1700457815565729,0.516,167.22040549378679,11.772400261608894,11.94048092,0.013080444735120994,0.07848266841072596
171,0.09004141905276428,0.352,150.02701242571584,7.203313524221142,7.346477374,0.0,0.07203313524221142
172,0.8539188777066179,0.307,145.76090271424215,11.055199756023178,6.008177051,0.015248551387618176,0.060994205550472705
173,0.03756926833849911,0.516,86.60655583732508,4.273504273504273,3.528036016,0.009392317084624777,0.02817695125387433
174,0.11359333585762968,0.655,167.77735706171904,9.655433547898523,15.24704408,0.0,0.01893222264293828
175,0.20589166930630345,0.464,142.23946784922396,7.839721254355401,6.181322982,0.0,0.04751346214760849
176,0.09741313995021106,0.692,86.79510769563805,4.6000649420933,15.06121236,0.0,0.043294728866760473
177,0.08757845569989782,0.425,154.67814917530288,4.670850970661217,11.03473342,0.0,0.04378922784994891
178,0.012221950623319483,0.587,117.99071131752629,5.010999755560988,2.284140064,0.0,0.0
179,0.01844848261230514,0.486,88.37745595424776,3.4590904898072137,0.74436248,0.00922424130615257,0.00922424130615257
180,0.04280821917808219,0.479,135.25970319634703,5.4937214611872145,12.85555842,0.0,0.05707762557077626
181,0.0,0.459,96.88225538971807,3.5931453841901604,7.388073786,0.0,0.03316749585406302
182,0.010549636037556704,0.477,108.24981538136933,6.224285262158455,6.696985325,0.010549636037556704,0.042198544150226815
183,0.0,0.414,93.52703960293663,2.9469548133595285,3.516955164,0.0,0.010340192327577293
184,0.0,0.446,129.9217920247176,5.793183354253163,10.37701445,0.019310611180843876,0.028965916771265813
185,0.0,0.292,113.19656627382511,2.9099374363451185,2.923259183,0.0,0.014549687181725592
186,0.010220768601798855,0.36,95.36999182338512,3.679476696647588,16.02452769,0.0,0.010220768601798855
187,0.14148273910582906,0.402,104.17374080362195,5.022637238256932,5.60501705,0.0070741369552914535,0.04951895868704018
188,0.019829466587348802,0.446,74.08288717033511,3.371009319849296,12.29602876,0.019829466587348802,0.009914733293674401
189,0.05713197486193106,0.342,71.75776042658542,3.475528470767473,0.25053011,0.009521995810321844,0.0
190,0.01033912324234905,0.362,87.57237386269644,2.894954507857734,5.696575604,0.01033912324234905,0.01033912324234905
191,0.0514734268433921,0.369,106.92317591043624,4.82563376656801,7.080815889,0.0,0.02573671342169605
192,0.05130573085013596,0.604,43.19942537581448,3.5400954286593813,3.868119164,0.005130573085013596,0.020522292340054385
193,0.10502195913691045,0.49,91.33091464578958,5.2510979568455225,8.107966587,0.0,0.06683215581439755
194,0.1292156609381057,0.582,117.27613386742473,7.882155317224448,4.564730335,0.0,0.02584313218762114
195,0.01239925604463732,0.315,105.10849349039057,3.6577805331680096,11.41020334,0.0,0.01239925604463732
196,0.05398839249561344,0.341,109.36698609798893,6.613578080712647,12.50555783,0.01349709812390336,0.02699419624780672
197,0.13812154696132597,0.641,77.75379834254143,9.19371546961326,3.822274442,0.0,0.02589779005524862
198,0.0,0.25,55.387281011358525,1.2513636655329525,4.363944545,0.0,0.0
199,0.02712048274459285,0.498,53.623974506746215,2.9832531019052135,2.087919914,0.006780120686148213,0.006780120686148213
200,0.05384707430896255,0.454,49.80256072753381,4.24793586215149,5.978324348,0.0059830082565513944,0.023932033026205578
201,0.0,0.272,67.92042525773196,2.3759664948453607,10.12759089,0.0,0.008054123711340207
202,0.006199820205214049,0.268,26.792523016832515,1.8599460615642147,6.066519662,0.0030999101026070244,0.0
203,0.09768560264502554,0.263,67.04238052299368,4.8467087466185745,4.598976757,0.007514277126540426,0.030057108506161705
204,0.0,0.228,47.41851368970013,1.9556714471968708,4.09918146,0.0,0.006518904823989569
205,0.08709536942952534,0.41,81.03062853824939,3.672521410944985,2.852629118,0.0058063579619683555,0.011612715923936711
206,0.0,0.321,126.11348383160463,3.2031726662599143,3.17178872,0.0,0.0
207,0.0,0.298,202.3291249455812,5.550718328254245,10.33996417,0.0,0.021767522855899
208,0.025284450063211127,0.246,110.51833122629584,2.4652338811630847,3.729575576,0.0,0.0
209,0.143517780258332,0.219,163.7537872747568,5.820443310476798,9.080329661,0.0,0.04783926008611067
210,0.029450743631276692,0.303,110.69061993815345,4.932999558238846,10.86557468,0.0,0.029450743631276692
211,0.0,0.299,80.28453126658881,2.8400042467353224,8.039185816,0.0,0.0
212,0.015478278815395728,0.576,60.164069755443194,4.437106593746775,16.62936992,0.015478278815395728,0.015478278815395728
213,0.005425052894265718,0.55,67.61785927412792,4.095914935170618,10.33417465,0.005425052894265718,0.010850105788531437
214,0.11984880612150825,0.6,83.46086475523187,7.744076703235918,9.099031352,0.0,0.036876555729694845
215,0.027240533914464723,0.62,36.00108962135658,2.724053391446472,18.06174742,0.005448106782892944,0.016344320348678835
216,0.030149996231250475,0.364,62.342654707168165,3.4672495665938046,20.24762972,0.007537499057812619,0.030149996231250475
217,0.01365374112506827,0.535,48.41616602949208,2.7648825778263246,16.02885187,0.006826870562534135,0.020480611687602405
218,0.004072158651301055,0.451,45.1683837602313,2.3211304312416012,10.72903131,0.0,0.004072158651301055
219,0.015148072407786109,0.523,47.20896765886541,2.9917443005377566,35.55479046,0.0075740362038930545,0.0075740362038930545
220,0.03935458480913026,0.583,71.0448642266824,6.247540338449429,1.384910894,0.009838646202282565,0.01967729240456513
221,0.0,0.363,48.10730406237177,1.692654903569963,15.93562566,0.0,0.010258514567090685
222,0.0029082871642746003,0.472,14.964591603774956,1.16331486570984,12.29949837,0.0014541435821373001,0.0014541435821373001
223,0.09783140388064569,0.533,95.45083971954998,26.862872982227294,11.36649942,0.0,0.08152616990053807
224,0.13417277324801322,0.377,113.67530188873981,8.87604499948395,16.40655148,0.030962947672618434,0.020641965115078955
225,0.09503444998812069,0.483,182.4423853646947,11.522927061059633,5.934127097,0.023758612497030172,0.09503444998812069
226,0.0,0.308,141.211323238973,4.608294930875576,30.09304428,0.0,0.026333113890717578
227,0.22248844771521478,0.349,149.32397740886532,6.760225911346911,6.2287194,0.0,0.051343487934280334
228,0.26666666666666666,0.413,233.9777777777778,8.11111111111111,14.62855111,0.0,0.022222222222222223
229,0.06959910913140312,0.267,109.77171492204899,3.3407572383073494,11.24465937,0.0,0.013919821826280623
230,0.06211180124223602,0.365,136.10248447204967,4.891304347826087,6.762411796,0.0,0.03105590062111801
231,0.1615034503009837,0.342,163.63235941858758,6.2399060343561885,5.765938454,0.0,0.08809279107326384
232,0.09432479169941833,0.303,135.74909605407956,4.716239584970917,14.11666907,0.0,0.07860399308284861
233,0.0,0.412,104.61203244159303,2.178912964532139,5.680155013,0.01210507202517855,0.0242101440503571
234,0.04943968358602505,0.586,80.37244561634806,4.573170731707317,3.106722064,0.0,0.016479894528675015
235,0.025202671483177216,0.659,39.043138572688704,2.583273827025665,8.493797404,0.0,0.004200445247196203
236,0.037397157816005985,0.503,91.61368735976066,4.160433807030666,5.199240912,0.0,0.018698578908002993
237,0.0,0.174,64.41681901279708,1.3893967093235833,2.65176976,0.0,0.007312614259597806
238,0.019573302016050106,0.201,54.7921967769296,1.8920858615515104,9.834514991,0.0,0.0065244340053500355
239,0.0,0.491,159.86159169550172,7.167572911517548,6.500800144,0.0,0.012357884330202669
240,0.22271714922048996,0.441,212.1380846325167,14.198218262806236,31.9157688,0.0,0.05567928730512249
241,0.0792393026941363,0.315,228.3082408874802,5.8438985736925515,11.97670398,0.0,0.05942947702060222
242,0.1120896717373899,0.458,167.6381104883907,6.805444355484387,2.95254542,0.032025620496397116,0.016012810248198558
243,0.006438320885912954,0.203,56.48338913211435,2.3177955189286634,14.56656492,0.0,0.01931496265773886
244,0.015256305939788446,0.223,50.62042310821807,1.7799023596419854,9.986545269,0.0,0.010170870626525632
245,0.11228385358185493,0.341,135.6052099708062,8.477430945430047,6.93151939,0.022456770716370984,0.07859869750729845
246,0.006696578048617156,0.404,61.983526418000395,2.4777338779883475,5.775140076,0.0,0.006696578048617156
247,0.08190618019359643,0.575,61.59344750558451,4.244229337304541,5.487128267,0.0,0.007446016381236038
248,0.1489018488646234,0.553,143.36766348182155,11.912147909169871,5.99023401,0.0,0.03722546221615585
249,0.38243276585245495,0.654,135.13446829509004,9.869232667160128,6.129953379,0.0,0.07401924500370095
250,0.2358490566037736,0.7,77.00152983171851,9.752677205507394,17.13901968,0.012748597654258032,0.04462009178990311
251,0.19103413143148243,0.634,126.98675496688742,8.596535914416709,4.963949813,0.01273560876209883,0.06367804381049415
252,0.011091393078970719,0.618,104.38110026619344,6.266637089618456,3.065613618,0.0,0.03327417923691216
253,0.17123287671232876,0.479,123.45890410958904,8.704337899543379,5.497903887,0.0,0.11415525114155252
254,0.0,0.575,97.1900047147572,5.893446487505893,6.84597327,0.0,0.00942951438000943
255,0.039549139806209214,0.604,94.70041526596796,5.882934546173621,7.458070763,0.0,0.029661854854656913
256,0.1984126984126984,0.665,124.97165532879818,9.708049886621314,3.25826736,0.014172335600907028,0.08503401360544217
257,0.00905018326621114,0.27,38.291325399339335,1.063396533779809,5.002568013,0.0,0.01810036653242228
258,0.07150518412584912,0.651,70.18233821952091,4.504826599928495,3.666521546,0.007150518412584913,0.014301036825169826
259,0.11103708638685321,0.5,134.88785254274927,6.5511880968243394,6.262547174,0.0,0.04441483455474128
260,0.11667250029168126,0.411,95.20476023801191,3.616847509042119,3.388654214,0.0,0.011667250029168127
261,0.18827326519634213,0.451,149.6637977407208,8.808499193114578,4.39080282,0.0,0.08068854222700376
262,0.019146084625694046,0.393,158.8933563086349,5.360903695194333,3.08889484,0.0,0.019146084625694046
263,0.1476923076923077,0.495,147.18769230769232,5.907692307692308,2.854281121,0.0,0.0
264,0.043240126837705395,0.52,160.00288267512252,5.9094840011530705,4.907927054,0.0,0.0
265,0.24045261669024046,0.613,78.84724186704385,10.077793493635077,5.570113155,0.007072135785007072,0.056577086280056574
266,0.6841715976331361,0.565,194.50813609467457,43.82396449704142,6.146869345,0.0,0.07396449704142012
267,3.1793919702947315,0.539,90.24522317629767,132.47466542894716,2.535208545,0.007735746886361878,0.08509321574998066
268,0.11059907834101383,0.588,219.926267281106,14.101382488479263,4.186699835,0.0,0.055299539170506916
269,0.5781540367540781,0.65,231.0757794755317,24.67478835432583,17.6439969,0.0,0.06194507536650836
270,1.2129088152479965,0.591,258.86939571150094,18.41022308858566,15.51128178,0.0,0.1299545159194282
271,1.846070836705592,0.509,29.914826376845106,52.95409873973869,8.717804501,0.003854010097506455,0.050102131267583914
272,0.12245011549272257,0.478,33.78231709013998,4.689282831937216,16.16007497,0.0,0.008348871510867448
273,0.3714429614706623,0.528,69.5416771594057,18.823973810123395,1.775050874,0.0,0.03777386048854193
274,0.18545994065281898,0.502,206.28709198813056,12.147626112759644,7.323751473,0.0,0.018545994065281898
275,0.8248556502612043,0.622,294.528457519934,24.333241682705527,4.374743365,0.0,0.08248556502612044
276,0.36680421824850984,0.437,143.51215038972947,21.320495185694632,5.470797723,0.015283509093687909,0.07641754546843954
277,0.0,0.466,182.609472743521,5.898123324396782,4.996702898,0.0,0.017873100983020553
278,0.008037939072421832,0.244,60.04340487099108,1.4870187283980387,16.42204721,0.0,0.0
279,0.02918004085205719,0.55,99.41639918295884,6.346658885322439,5.074839825,0.0,0.014590020426028595
280,0.020179598425991322,0.2,102.73433558672183,5.902532539602462,7.02914074,0.0,0.020179598425991322
281,0.0724562674671359,0.356,82.94172445916571,3.933340233930235,1.9086344,0.0,0.010350895352447986
282,0.016275284817484303,0.266,21.546152057661008,1.3717740060451058,4.43454743,0.0023250406882120438,0.011625203441060218
283,0.20856507230255839,0.49,79.45634037819799,9.10734149054505,6.055802061,0.013904338153503892,0.07647385984427141
284,0.0,0.4,123.26761380110176,11.81501884604233,15.73063923,0.0,0.05798782255726297
285,0.5303805713222295,0.643,77.75193077137806,22.890108867590957,10.76467486,0.009304922303898762,0.05582953382339258
286,0.03854307188282906,0.336,180.94045095394102,6.937752938909231,7.409054839,0.01927153594141453,0.01927153594141453
287,0.0,0.43,169.13827655310624,8.684034736138946,13.97480586,0.013360053440213761,0.06680026720106881
288,0.14982136683185435,0.529,106.75348622795897,6.626714302178173,15.22744258,0.011524720525527256,0.06914832315316354
